ID	Variation
Q96L58	P36T
Q9NVI7	R218W
B1AK53	R113C
Q9Y6Y1	I589V
Q9Y6Y1	R1135W
Q9P2R6	H1272R
Q9NQ11	R460Q
Q9NQ11	R76Q
Q8N766	L277R
P98160	S2446L
P98160	R1478H
P56705	C338F
P56705	E77V
O14497	D641A
O14497	P293S
O14497	G1711A
P54819	G205E
O75712	F51V
Q14055	R640Q
Q14055	G457S
P11166	G76R
Q11203	V199M
Q13461	A255T
Q13415	A97S
O75061	A220T
P12107	K1443R
P12107	G1423E
P12107	Y499H
Q01433	L797P
Q9H1V8	D59N
Q04721	L2210W
Q04721	V1816A
Q04721	R1787W
Q04721	S359F
P48165	G46A
P48165	V97G
Q15427	A252V
P55265	R1175G
P55265	D973N
P55265	G751E
P55265	R633H
P55265	Y177H
P02545	R89C
P02545	R349Q
O60806	E188K
O60779	L422P
O60779	T405R
Q969G2	D39N
Q8IZT6	G1645V
P49454	Q2549K
Q9H2M9	R426H
Q9H2M9	A240P
Q92626	N964K
P35716	H109Y
O15232	A7V
Q9Y6K1	G298R
Q9HC10	G524R
Q07889	T828A
Q07889	I733M
Q07889	G386C
O95343	W253R
Q9UNP4	G235R
Q9NZJ5	E994Q
Q9NZJ5	E488K
Q06710	I378V
Q06710	D200G
Q06710	R133Q
P10070	R131H
P10070	C510Y
P10070	P840T
P09848	Q423R
P09848	Q423K
O60315	S1071L
O60315	S1067L
O60315	R1063P
O60315	R302Q
Q9BYX4	C962R
Q9BYX4	A82T
Q99250	I172S
P35453	R307Q
P02461	G1095D
P02461	P1270R
Q9UPW6	P603L
Q9UPW6	Y556S
Q9UPW6	L394S
Q9UPW6	A386V
P07315	L133F
P31327	R1001H
P02751	H307Y
P02751	P157L
P02751	C87Y
Q14623	P300T
O75147	A693P
O75147	E454K
Q01955	G58D
Q01955	G118R
P12111	V650I
P12111	A383T
Q8WVJ9	Y143N
P56524	T1055K
P56524	G875E
P56524	A635T
P56524	R530C
Q12756	R1105L
Q12756	N272D
Q14643	H194L
Q14643	T267A
Q14643	V1542M
Q9BXW9	E1210G
Q9Y215	N81S
P10826	T233P
Q03431	T192I
Q03431	A347T
Q8NBT0	D124Y
Q01668	R85C
Q01668	T356S
P41221	G331D
P41221	E156Q
O75369	G531R
O75369	V711M
O75369	G1464V
O75030	V8M
O75030	G266R
O75030	D441H
Q9H334	A532E
Q9H334	P466L
Q2M1Z3	I88L
P23769	C413Y
Q9GZZ9	D389G
Q7Z494	L1241S
Q13515	L140P
P58012	R123L
P58012	P89S
P11168	G107D
Q9BZK7	H441R
Q9BZK7	D370Y
P42336	G8D
P42336	A598S
P42336	A1035T
P48431	L75P
P48431	E86Q
Q9H3D4	N317K
Q9H3D4	G349E
O76024	T614S
Q06330	P260R
Q86XX4	R1020C
Q9NZW4	S471P
Q99697	R115G
Q4G0J3	K276N
Q6V0I7	T948A
Q6V0I7	S3824N
Q9HCJ1	Y112C
Q9HCJ1	R36Q
Q13233	P159A
Q13233	P1019S
Q08499	T224I
Q9HCJ5	G754C
P27986	E120G
Q8N302	E509K
P20936	P138S
P20936	L849S
Q06413	Y33D
P10589	Y120D
Q96AG3	G87D
P51659	L463P
P49419	S457I
Q96KG7	C34G
P35556	L2673P
P35556	C2575R
P35556	N1642Y
P35556	C1384R
P35556	R6G
P78337	A309V
Q13428	S571C
Q13428	K1064N
P14867	A281P
P14867	M293L
P14867	V324L
P35548	A31V
Q96L73	W1770G
Q96L73	G2041C
P35916	G1238R
P35916	A1227D
P35916	A786T
Q12948	M89V
Q12948	G231D
Q12948	S339F
Q12948	A491V
P05549	A256V
P05549	P79A
P13942	D1517N
P13942	P1227T
P13942	G1267D
Q96PV0	I501T
Q96PV0	L543R
Q96PV0	F569V
Q14999	A993V
Q13950	Q15R
Q13950	A166S
Q92481	P55T
Q92481	L267P
P20849	T591P
P20849	R525G
P20849	D52N
P20849	P32S
Q9GZR5	T142A
Q03692	I152T
P17302	V64A
P17302	V85E
Q8N157	G716E
Q8NF91	V5845M
Q8NF91	D3018Y
Q8NFD5	E1194K
P60709	H371R
P60709	G343S
P60709	D184Y
P60709	L140V
P60709	M47T
P31271	S311F
Q9UMR3	R437S
Q9UMR3	H417Y
Q9UMR3	T123I
Q14004	V719G
P10071	Y1049H
P15502	V96G
P78509	C2543Y
O15409	S427F
P15056	Y633H
P15056	L485M
P15056	H477Q
Q9UHC6	A481T
Q15910	R679H
Q15910	H279Y
Q15910	L178V
Q15910	V172M
Q15465	I356N
Q15465	K250M
Q15465	A94V
P50219	K342T
P50219	S55T
P49675	T240R
O94830	N654S
O94830	N672S
Q99502	R492L
Q99502	P76S
Q6KF10	D411G
Q7Z7G8	P2409L
Q7Z7G8	A3716T
Q9UHF7	H927P
Q9UHF7	C899F
Q9UHF7	R887W
Q9UHF7	A183T
O60216	K232E
Q16394	V171A
O43525	G553R
Q15149	Y4568F
Q8NF50	K156E
P51531	P291L
P51531	H854Y
P51531	T1008P
P51531	G1098D
P51531	G1420R
Q8NEA6	S457T
Q8NEA6	K440Q
P43005	T291S
Q02763	P388L
Q96RL7	H2802Y
P61978	I178T
Q8TD16	A740T
Q13635	L1156V
Q13635	Y955C
Q13635	M372R
Q13635	G91V
Q8NHU6	E63D
P36897	H283D
O15146	Y75S
O60663	A112G
O60663	Y399F
P61764	R65I
P61764	T178I
P61764	C180W
P61764	L209R
P61764	L566P
Q05193	H396D
Q13813	V92M
Q13813	I99V
Q13813	R1331S
Q13813	R1464W
P00519	E275G
Q9Y6N6	E787D
Q5JUK3	M248T
P46531	V1969M
P46531	E1294Q
P46531	T701N
Q05586	I29T
Q05586	G612R
Q05586	D658Y
Q05586	F693L
Q9H9B1	G784R
Q9H9B1	H944Y
Q9UPS8	S379C
P07949	H352R
P07949	E511K
P07949	V757M
P07949	L947P
P28329	V461A
Q96QU1	G67E
Q96S42	E130G
Q96S42	L82V
Q9BZD2	S203P
Q8WYB5	G294E
Q8WYB5	R1254C
P00367	E349K
P00367	R322G
O95340	K127N
P60484	I67T
P60484	D326V
P52732	T139N
P52732	N445S
P54886	H63R
Q02962	R203P
O75364	A11S
Q9UQE7	K378E
Q9UQE7	D566N
Q9BZH6	S654P
P21802	R190L
P04181	D410N
O75398	Q264R
O75398	G222D
P01308	A22P
P26367	I117T
P26367	R26Q
P19544	Q192H
Q93063	T462N
Q93063	Y566S
Q93063	K653E
O00170	Y202C
P49821	R88G
O75197	R40H
O75197	E743A
P38935	G589V
O15357	Q472L
Q9H078	R362Q
Q13402	Y2015C
P45452	R458S
P45452	P177A
P45452	K140I
Q13315	W57G
Q13315	A2787T
P22681	P579S
O75443	R370H
O75443	E1041D
O75443	N1247H
O75443	C1619Y
Q96MS0	S197C
Q96MS0	G618V
Q4KMG0	D840N
Q4KMG0	M655L
Q13936	M1125I
Q9GZV9	R176G
Q14839	M954V
Q14839	C464Y
P25092	V964M
P25092	V76M
P25092	V39F
O60706	C788F
P35711	A596P
P35711	N561T
P12272	H45L
Q7Z4S6	Q60P
Q7Z4S6	I1003S
Q7Z4S6	N792S
P02458	G1137V
P02458	G462D
P02458	D347N
P02458	N226S
Q71U36	I231L
Q71U36	L189V
Q71U36	S140G
Q71U36	V14I
Q9UQD0	M367T
Q9UQD0	E416K
Q9UQD0	H559R
Q9UQD0	E1075K
Q9UQD0	G1255D
Q9UQD0	G1625R
Q9NRG9	M415T
P21860	P260A
P15586	R519C
Q9H1K1	A12G
Q06124	T543I
Q99593	Q265K
Q99593	Q224H
O15119	R639C
Q71F56	T2141A
Q71F56	M2025R
Q71F56	S2002L
Q71F56	D1835E
Q71F56	T1303A
Q71F56	C1160R
Q71F56	R973W
Q71F56	D811G
Q71F56	H761R
Q71F56	I513V
Q71F56	L312F
Q71F56	G113R
P32754	R225L
P32754	E51G
P24530	L386R
O95409	L408P
Q8IZF0	R1094Q
Q8IZF0	A1091E
Q8IZF0	P908L
P02462	C1570W
P02462	G1242D
P02462	P1203S
P02462	G1183E
P02462	G604E
P08572	R322L
P08572	G509R
P08572	G636R
P08572	P973T
Q9HCK8	N2132H
Q9HCK8	P1510L
Q9HCK8	Q1171P
P13533	R1346W
Q9BSI4	C27R
P55316	P130L
P55316	P182R
P55316	I194F
P43699	L146V
Q8IYD8	P90L
P12644	C308R
P12644	L204R
P32243	R94H
Q15475	N174Y
Q15475	L21P
Q02252	I14V
P16473	I334T
P16473	Y510H
P16473	V566I
P16473	C600Y
P31749	H405Y
P31749	T291I
P31749	W80G
P28472	Y230C
P28472	Y230H
Q7Z4N2	D1172G
P26440	G292R
Q7RTU9	E1489A
P35555	N1913S
P35555	C1860R
P35555	D1493G
P35555	G626W
Q9Y4I1	E1257K
Q99081	T285I
Q99081	H496D
P84022	G293C
P84022	P393H
O14647	P648S
P24468	C96F
P08069	Q1214L
P08069	G1352D
P47895	D292Y
P47895	I465F
P51798	V289I
Q9Y4R8	P497S
P49815	G150R
P49815	M276V
Q99758	S693L
Q12879	R1443K
Q12879	L1368F
O95255	R1064P
Q13286	I62V
Q14807	R238L
Q14807	Q256E
Q14807	L585R
Q7Z6L0	V319A
Q9NSC2	D1099Y
Q9NSC2	H288R
P09471	Y74D
Q9BXC9	G139D
Q9NVM4	G606R
P12830	S180A
O75444	N298I
O75444	N298Y
O75444	T62P
Q99958	G43D
Q99958	Y99C
Q6UB99	R2523W
Q6UB99	E2522K
Q6UB99	R1145T
Q6UB99	R949L
Q13509	K216E
Q9NZN9	M79L
P11055	K1652R
P11055	D629Y
P11055	I290S
P11055	A234D
O14836	A245V
Q7Z5J4	C918Y
Q7Z5J4	L1115R
Q86SG6	R246Q
Q86SG6	V337G
O00623	C328R
P10827	L274P
Q15029	R803Q
Q15029	C780R
Q15029	A734D
Q15029	L551P
Q15029	T319M
Q15029	G207E
Q7Z3B3	R348Q
P02452	R574H
P02452	P152R
O43497	R1190P
O43497	D2339N
P57082	F333V
P35499	R1755L
P35499	T1684P
P35499	I1588M
P35499	A1406S
P10644	I132V
P10644	N332S
P48436	R160G
Q7Z6J9	E321D
Q4G0X9	G532S
Q9BXL6	A603V
P63261	T351P
P63261	L349P
P63261	I192F
Q32MQ0	P337T
Q32MQ0	F98C
Q9BTW9	C506G
Q15583	S201F
Q92908	K473E
Q02413	G870S
Q9C0F0	R933W
Q9Y6X0	K624E
Q9Y6X0	S854C
Q9HCE0	I2117T
Q13485	P130L
Q9Y2V3	G236R
Q86VV8	I2123T
P29992	R60H
P29992	L135R
P36507	P329L
P06213	M1180K
P06213	R1119Q
P06213	R912G
P06213	V305D
P06213	H236Y
Q9GZU1	W444C
Q96HP0	A1984V
Q96HP0	R173W
Q13351	L153P
Q14938	R38L
Q14938	L61P
Q14938	R116G
O00555	K1294E
Q9UM47	G1269V
Q9UM47	C379F
Q9UM47	C311S
Q9UM47	D80A
P49747	S195Y
Q9UMN6	R138C
P21817	C2436R
P21817	E3035Q
Q9NYJ7	S416P
Q9NYJ7	G423R
P13637	L798H
P13637	G721E
P13637	V322I
P13637	S300F
P50548	A501V
Q8N196	R282Q
Q09013	N366S
Q09013	H292R
Q14003	T153I
P68400	I174M
Q15147	L64F
Q15147	H411D
Q15147	R1103L
P78504	Y192C
P78504	R184P
Q14721	K391N
Q14721	F322L
Q9UJQ4	N878S
Q9UJQ4	Q869P
Q07973	L316F
O95467	E260Q
O95467	R912C
Q14050	P494R
P43681	L560P
P43681	M177T
P43681	P9S
Q13627	D343V
P02489	K166R
P57059	A513G
P39060	K1056Q
P12109	R490G
Q12824	V262I
Q12824	D358G
Q69YQ0	V393M
Q69YQ0	E524K
Q69YQ0	Q800E
Q8IUG5	R594C
P53673	K48E
O75140	D1365N
O75140	I1503T
P13866	R140Q
P35579	R1898H
P35579	E1232K
P35579	F763C
P35579	D503N
P56693	A132V
Q09472	Y468F
Q09472	H1255R
Q09472	T1669S
Q09472	M2010V
